episode,reward,length
0,-6236.546259,599
1,-6261.902135,599
2,-6246.092576,599
3,-6185.536675,599
4,-6275.380475,599
5,-6210.467885,599
6,-6321.881081,599
7,-6294.583584,599
8,-6260.193874,599
9,-6236.506598,599
10,-6237.922904,599
11,-6284.504916,599
12,-6287.109946,599
13,-6229.535218,599
14,-6273.931836,599
15,-6304.411769,599
16,-6293.585373,599
17,-6199.04785,599
18,-6255.533544,599
19,-6274.649661,599
20,-6187.9611,599
21,-6210.142171,599
22,-6218.756601,599
23,-6305.737092,599
24,-6282.426944,599
25,-6210.664393,599
26,-6291.946039,599
27,-6256.723139,599
28,-6266.181941,599
29,-6259.292066,599
30,-6279.656102,599
31,-6262.623866,599
32,-6242.189093,599
33,-6289.040569,599
34,-6264.50955,599
35,-6219.16027,599
36,-6256.570316,599
37,-6288.524372,599
38,-6263.523306,599
39,-6287.094618,599
40,-6252.415588,599
41,-6226.316385,599
42,-6249.864723,599
43,-6299.552217,599
44,-6292.232744,599
45,-6240.584779,599
46,-6240.214273,599
